,elevation,mindate,maxdate,latitude,name,datacoverage,id,elevationUnit,longitude,state
1583,46.6,2015-07-01,2025-09-26,44.0068323,"LISBON FALLS 0.1 SW, ME US",0.9991,GHCND:US1MEAN0011,METERS,-70.0595972,ME
1584,73.2,2009-11-01,2025-12-19,44.1160843,"AUBURN 2.5 NNE, ME US",0.5136,GHCND:US1MEAN0012,METERS,-70.2271503,ME
1594,96.0,2018-07-15,2025-12-19,44.073426,"MECHANIC FALLS 2.7 S, ME US",0.9998,GHCND:US1MEAN0040,METERS,-70.401514,ME
1595,80.2,2018-12-01,2025-12-20,44.11275,"AUBURN 2.1 NNW, ME US",0.83,GHCND:US1MEAN0041,METERS,-70.26452,ME
1596,53.9,2019-08-26,2025-12-20,44.0232,"LISBON 0.6 S, ME US",1.0,GHCND:US1MEAN0043,METERS,-70.1055,ME
1597,51.5,2020-12-08,2025-12-20,43.96119,"DURHAM 0.8 S, ME US",0.9986,GHCND:US1MEAN0046,METERS,-70.12462,ME
1605,151.2,2013-03-01,2025-12-18,46.6796,"PRESQUE ISLE 1.3 WSW, ME US",1.0,GHCND:US1MEAR0015,METERS,-68.0127,ME
1606,258.5,2013-11-01,2025-12-19,47.0108,"NEW SWEDEN 4.9 NNW, ME US",1.0,GHCND:US1MEAR0018,METERS,-68.1439,ME
1611,182.0,2019-09-01,2024-09-05,47.01713,"WESTMANLAND 2.9 N, ME US",0.5175,GHCND:US1MEAR0033,METERS,-68.2242,ME
1618,36.9,2009-07-01,2024-01-24,43.92372,"NEW GLOUCESTER 3.0 SE, ME US",0.9998,GHCND:US1MECM0003,METERS,-70.25789,ME
1625,38.7,2009-08-01,2025-12-18,43.866833,"FREEPORT 2.6 WNW, ME US",1.0,GHCND:US1MECM0015,METERS,-70.150667,ME
1628,19.2,2009-08-01,2025-12-20,43.702877,"PORTLAND 5.5 WNW, ME US",1.0,GHCND:US1MECM0018,METERS,-70.305483,ME
1651,57.0,2011-09-01,2025-12-19,43.8537,"POWNAL 4.1 S, ME US",1.0,GHCND:US1MECM0086,METERS,-70.1721,ME
1653,68.0,2012-10-01,2023-05-01,43.7388,"WESTBROOK 3.1 N, ME US",0.7567,GHCND:US1MECM0091,METERS,-70.361,ME
1655,86.6,2013-08-01,2025-12-20,43.88,"SEBAGO 2.4 ESE, ME US",1.0,GHCND:US1MECM0098,METERS,-70.63,ME
1658,17.7,2016-06-08,2025-06-22,43.800727,"YARMOUTH 1.8 E, ME US",0.3428,GHCND:US1MECM0114,METERS,-70.165461,ME
1661,124.1,2018-03-29,2025-12-20,43.8464,"GRAY 2.9 SSE, ME US",0.9997,GHCND:US1MECM0125,METERS,-70.3134,ME
1662,12.5,2018-07-18,2025-12-19,43.609,"SOUTH PORTLAND 1.6 S, ME US",0.9871,GHCND:US1MECM0128,METERS,-70.286,ME
1666,83.5,2020-02-14,2023-10-31,43.900062,"GRAY 1.5 NE, ME US",0.9506,GHCND:US1MECM0137,METERS,-70.309039,ME
1667,55.5,2020-05-21,2025-12-20,43.87733,"FREEPORT 3.0 ENE, ME US",0.9848,GHCND:US1MECM0138,METERS,-70.0465,ME
1668,141.7,2020-05-29,2024-11-29,44.037233,"BRIDGTON 2.2 SSE, ME US",0.5184,GHCND:US1MECM0139,METERS,-70.7063,ME
1669,38.1,2020-10-01,2025-12-20,43.7201,"PORTLAND 5.4 NW, ME US",0.9245,GHCND:US1MECM0143,METERS,-70.2871,ME
1670,7.3,2021-01-01,2025-11-26,43.5762,"CAPE ELIZABETH 1.0 NNW, ME US",0.4603,GHCND:US1MECM0145,METERS,-70.2105,ME
1671,10.7,2021-02-28,2025-12-20,43.7702527,"HARPSWELL 3.1 WSW, ME US",0.967,GHCND:US1MECM0148,METERS,-70.0184185,ME
1675,93.6,2022-07-21,2025-12-20,43.80133,"NORTH WINDHAM 1.4 S, ME US",0.7454,GHCND:US1MECM0157,METERS,-70.42808,ME
1676,4.3,2022-11-01,2025-11-21,43.6104,"CAPE ELIZABETH 3.2 N, ME US",0.4405,GHCND:US1MECM0160,METERS,-70.21306,ME
1681,373.1,2009-08-01,2025-06-30,44.68329,"TEMPLE 1.8 W, ME US",1.0,GHCND:US1MEFR0002,METERS,-70.264179,ME
1682,119.5,2009-08-01,2025-12-20,44.665824,"NEW SHARON 2.0 NW, ME US",1.0,GHCND:US1MEFR0004,METERS,-70.027181,ME
1687,185.9,2019-08-04,2025-12-01,44.733964,"FARMINGTON 4.8 NNW, ME US",0.8512,GHCND:US1MEFR0022,METERS,-70.180071,ME
1688,187.8,2019-09-11,2025-12-20,44.7169,"FARMINGTON 4.2 NW, ME US",0.7981,GHCND:US1MEFR0023,METERS,-70.1967,ME
1690,203.6,2022-12-01,2024-11-25,44.724236,"FARMINGTON 3.9 N, ME US",0.7812,GHCND:US1MEFR0026,METERS,-70.15934,ME
1693,29.9,2009-07-01,2025-12-20,44.493673,"EAST SURRY, ME US",0.9998,GHCND:US1MEHN0002,METERS,-68.45775,ME
1694,,2009-08-01,2025-12-20,44.2517,"SOUTHWEST HARBOR 2.6 SE, ME US",1.0,GHCND:US1MEHN0003,,-68.2945,ME
1695,32.9,2009-11-01,2025-12-19,44.718103,"MARIAVILLE 1.4 ESE, ME US",1.0,GHCND:US1MEHN0004,METERS,-68.388139,ME
1696,53.9,2009-12-01,2023-10-08,44.637419,"ELLSWORTH 7.4 NW, ME US",1.0,GHCND:US1MEHN0007,METERS,-68.491978,ME
1697,29.9,2002-06-01,2025-12-11,44.2806611,"BROOKLIN 2.5 NW, ME US",0.4698,GHCND:US1MEHN0008,METERS,-68.6162502,ME
1701,50.9,2010-07-01,2023-06-23,44.64628333,"ELLSWORTH 8.2 NNW, ME US",0.9996,GHCND:US1MEHN0017,METERS,-68.50273333,ME
1704,50.6,2010-08-01,2024-02-11,44.650278,"ELLSWORTH 4.5 N, ME US",0.794,GHCND:US1MEHN0020,METERS,-68.499236,ME
1708,12.2,2011-02-01,2025-01-07,44.23945,"BROOKLIN 2.8 SE, ME US",1.0,GHCND:US1MEHN0026,METERS,-68.52774,ME
1723,7.0,2020-09-10,2025-01-20,44.403879,"SURRY 6.7 SSE, ME US",0.7321,GHCND:US1MEHN0063,METERS,-68.461304,ME
1724,30.2,2020-10-26,2025-12-20,44.28867,"SOUTHWEST HARBOR 0.9 NW, ME US",0.7253,GHCND:US1MEHN0064,METERS,-68.3377,ME
1731,42.4,2009-09-01,2025-12-20,44.535792,"WINSLOW 1.2 SSE, ME US",1.0,GHCND:US1MEKB0006,METERS,-69.602865,ME
1733,115.8,2009-12-01,2025-12-20,44.3024727,"WAYNE 3.2 SSE, ME US",1.0,GHCND:US1MEKB0010,METERS,-70.0554619,ME
1735,50.0,2010-02-01,2025-12-16,44.321647,"AUGUSTA 1.5 WSW, ME US",0.96,GHCND:US1MEKB0016,METERS,-69.757411,ME
1743,102.4,2016-12-12,2025-12-07,44.312812,"WINDSOR 1.1 W, ME US",0.9993,GHCND:US1MEKB0047,METERS,-69.603041,ME
1745,39.9,2019-06-24,2025-12-19,44.5404055,"WATERVILLE 1.1 ESE, ME US",0.8393,GHCND:US1MEKB0051,METERS,-69.6403044,ME
1746,44.8,2020-04-22,2024-04-13,44.642,"CLINTON 0.5 WSW, ME US",0.9431,GHCND:US1MEKB0052,METERS,-69.4963,ME
1747,166.1,2020-07-26,2025-12-20,44.4162,"READFIELD 2.0 NNE, ME US",1.0,GHCND:US1MEKB0053,METERS,-69.9519,ME
1748,65.5,2022-02-09,2025-12-20,44.330085,"MANCHESTER 0.5 NE, ME US",0.9993,GHCND:US1MEKB0055,METERS,-69.856352,ME
1750,18.3,2009-12-01,2025-07-20,44.183903,"ROCKPORT 0.1 SW, ME US",1.0,GHCND:US1MEKX0001,METERS,-69.078577,ME
1751,45.1,2009-12-01,2025-12-20,44.15192,"ROCKPORT 2.8 SW, ME US",1.0,GHCND:US1MEKX0005,METERS,-69.11159,ME
1752,167.3,2010-12-01,2025-12-20,44.24435,"UNION 3.0 NW, ME US",1.0,GHCND:US1MEKX0006,METERS,-69.315389,ME
1755,52.4,2012-04-01,2025-12-20,44.2369256168604,"UNION 2.1 NNE, ME US",1.0,GHCND:US1MEKX0010,METERS,-69.2717143893242,ME
1756,98.8,2014-03-01,2025-12-20,44.213204,"UNION 3.0 W, ME US",0.9986,GHCND:US1MEKX0012,METERS,-69.341576,ME
1759,40.2,2019-11-18,2025-12-17,44.1254,"ROCKLAND 1.4 E, ME US",0.9073,GHCND:US1MEKX0018,METERS,-69.1028,ME
1760,20.7,2021-11-09,2025-03-26,43.996913,"SOUTH THOMASTON 3.7 S, ME US",0.1953,GHCND:US1MEKX0020,METERS,-69.117419,ME
1762,30.5,2022-12-23,2025-12-20,44.21422,"CAMDEN 0.2 W, ME US",0.9808,GHCND:US1MEKX0023,METERS,-69.07342,ME
1763,11.9,2022-12-01,2023-12-04,44.12982,"NORTH HAVEN 0.4 ESE, ME US",0.9173,GHCND:US1MEKX0024,METERS,-68.869328,ME
1765,26.8,2009-07-01,2025-08-23,44.027672,"NEWCASTLE 2.1 SW, ME US",0.9998,GHCND:US1MELN0001,METERS,-69.568607,ME
1767,51.2,2009-08-01,2025-12-20,44.105403,"DRESDEN 1.5 NW, ME US",1.0,GHCND:US1MELN0004,METERS,-69.740637,ME
1771,64.3,2004-03-20,2025-12-20,44.114819,"WALDOBORO 1.5 NNE, ME US",0.8294,GHCND:US1MELN0013,METERS,-69.366445,ME
1776,14.6,2016-01-20,2025-12-15,43.887802,"TREVETT 0.3 NE, ME US",0.4099,GHCND:US1MELN0026,METERS,-69.669032,ME
1777,20.4,2018-04-09,2025-11-17,43.840527,"PEMAQUID POINT 0.3 E, ME US",0.6615,GHCND:US1MELN0027,METERS,-69.502774,ME
1780,165.8,2009-08-01,2025-04-05,44.39318334,"HARTFORD 1.4 N, ME US",1.0,GHCND:US1MEOX0002,METERS,-70.34755385,ME
1790,201.8,2019-11-11,2023-11-28,44.4084,"SUMNER 1.1 N, ME US",0.8993,GHCND:US1MEOX0029,METERS,-70.4401,ME
1800,105.8,2010-04-01,2025-12-19,45.406727,"LINCOLN 4.3 NE, ME US",0.9998,GHCND:US1MEPN0010,METERS,-68.435891,ME
1806,30.5,2017-07-01,2025-09-10,44.892619,"ORONO 0.9 NE, ME US",0.584,GHCND:US1MEPN0043,METERS,-68.669036,ME
1808,37.2,2018-07-26,2025-12-20,44.94108,"MILFORD 0.8 SSW, ME US",1.0,GHCND:US1MEPN0047,METERS,-68.64154,ME
1810,96.9,2018-12-14,2025-12-20,44.8107147,"HERMON 1.2 W, ME US",0.9158,GHCND:US1MEPN0051,METERS,-68.9385492,ME
1811,64.6,2018-12-27,2023-12-02,44.86241,"BANGOR 2.1 N, ME US",0.6007,GHCND:US1MEPN0052,METERS,-68.791331,ME
1813,81.4,2019-08-01,2025-12-20,44.87005,"ORONO 1.1 SSW, ME US",0.961,GHCND:US1MEPN0055,METERS,-68.694467,ME
1814,37.5,2020-05-28,2025-12-20,44.9847,"HUDSON 2.4 ESE, ME US",1.0,GHCND:US1MEPN0058,METERS,-68.8375,ME
1815,47.9,2020-06-21,2025-10-14,44.924201,"GLENBURN 1.5 ENE, ME US",0.9986,GHCND:US1MEPN0059,METERS,-68.81758,ME
1816,55.8,2020-10-01,2025-12-20,44.88412,"ORONO 0.1 ENE, ME US",0.581,GHCND:US1MEPN0060,METERS,-68.68114,ME
1817,46.9,2020-12-01,2024-05-30,44.820798,"BANGOR 1.7 ESE, ME US",0.8768,GHCND:US1MEPN0061,METERS,-68.7567744,ME
1818,42.4,2022-05-01,2025-12-11,44.9070947,"GLENBURN 2.0 ESE, ME US",0.7092,GHCND:US1MEPN0062,METERS,-68.8083018,ME
1821,219.8,2015-08-01,2025-12-20,45.218051,"ABBOT 4.6 WNW, ME US",0.998,GHCND:US1MEPS0009,METERS,-69.547912,ME
1828,2.1,2016-03-29,2025-12-19,43.9654846191406,"TOPSHAM 3.7 NE, ME US",0.9992,GHCND:US1MESG0016,METERS,-69.8855590820313,ME
1834,118.6,1998-06-01,2025-12-20,44.871801,"PALMYRA 3.5 NW, ME US",0.9844,GHCND:US1MESM0003,METERS,-69.419524,ME
1835,251.5,2009-12-01,2025-12-15,44.9470465,"SOLON 3.9 ESE, ME US",0.9869,GHCND:US1MESM0004,METERS,-69.7779439,ME
1838,120.1,2010-04-01,2025-12-20,44.923537,"NORTH NEW PORTLAND 0.3 WSW, ME US",0.8744,GHCND:US1MESM0010,METERS,-70.027881,ME
1840,117.0,2011-04-01,2025-12-20,44.932561,"HARMONY 3.0 SSE, ME US",0.5974,GHCND:US1MESM0017,METERS,-69.5608367,ME
1846,85.3,2017-11-08,2025-12-15,44.832097,"PALMYRA 2.9 WSW, ME US",0.7372,GHCND:US1MESM0038,METERS,-69.414816,ME
1848,319.1,2020-04-01,2025-12-11,45.07098,"BRIGHTON PLANTATION 2.1 N, ME US",0.5231,GHCND:US1MESM0045,METERS,-69.698607,ME
1849,129.2,2009-09-01,2025-12-18,44.3835,"BELMONT 2.7 SSE, ME US",1.0,GHCND:US1MEWL0003,METERS,-69.1425,ME
1850,6.1,2009-12-01,2025-12-20,44.693691,"WINTERPORT 2.9 N, ME US",1.0,GHCND:US1MEWL0008,METERS,-68.847972,ME
1852,116.4,2011-12-01,2025-12-18,44.3768,"SEARSMONT 3.5 WNW, ME US",0.9792,GHCND:US1MEWL0012,METERS,-69.2616,ME
1856,63.1,2015-06-04,2025-12-20,44.483743,"SWANVILLE 2.7 S, ME US",0.307,GHCND:US1MEWL0024,METERS,-69.006467,ME
1858,156.7,2017-01-03,2025-11-28,44.3985676020384,"LIBERTY 0.7 N, ME US",0.2286,GHCND:US1MEWL0026,METERS,-69.3007902055979,ME
1859,127.1,2017-10-21,2025-12-20,44.55719,"PROSPECT 2.6 W, ME US",1.0,GHCND:US1MEWL0027,METERS,-68.91732,ME
1861,61.3,2021-02-12,2024-12-01,44.608749,"UNITY 0.3 SE, ME US",1.0,GHCND:US1MEWL0031,METERS,-69.330574,ME
1862,66.1,2022-09-01,2025-12-20,44.4729233,"BELFAST 3.9 NNE, ME US",0.9511,GHCND:US1MEWL0032,METERS,-68.98525,ME
1864,69.8,2010-01-01,2025-12-20,44.95262,"COOPER 0.5 SE, ME US",1.0,GHCND:US1MEWS0004,METERS,-67.43559,ME
1867,21.9,2010-05-01,2025-12-19,44.909473,"PEMBROKE 5.4 SSE, ME US",0.9996,GHCND:US1MEWS0010,METERS,-67.126765,ME
1868,23.5,2010-05-01,2025-12-20,44.775633,"WHITING 2.3 WSW, ME US",0.7321,GHCND:US1MEWS0011,METERS,-67.217733,ME
1872,16.2,2014-07-01,2025-11-28,44.886773,"PEMBROKE 4.8 SSE, ME US",0.8085,GHCND:US1MEWS0025,METERS,-67.136843,ME
1876,18.6,2015-12-10,2025-12-20,44.91044,"EASTPORT 1.4 ESE, ME US",1.0,GHCND:US1MEWS0031,METERS,-66.985721,ME
1878,57.3,2018-11-07,2025-12-20,45.025787,"PERRY 3.8 NNW, ME US",0.9527,GHCND:US1MEWS0034,METERS,-67.102867,ME
1879,7.0,1998-06-01,2025-12-20,43.0810088,"KITTERY POINT 0.8 WSW, ME US",0.8571,GHCND:US1MEYK0002,METERS,-70.7137736,ME
1880,42.4,2009-07-01,2025-12-20,43.3932,"KENNEBUNK 1.8 WNW, ME US",0.9989,GHCND:US1MEYK0005,METERS,-70.58057,ME
1886,61.9,2009-12-01,2025-12-20,43.3014,"WELLS 3.5 SW, ME US",0.9738,GHCND:US1MEYK0018,METERS,-70.6447,ME
1889,161.8,2010-02-01,2023-11-04,43.766873,"PARSONSFIELD 4.2 NE, ME US",1.0,GHCND:US1MEYK0025,METERS,-70.865721,ME
1890,1.5,2010-04-01,2025-12-20,43.48679,"BIDDEFORD 1.5 NNE, ME US",0.9998,GHCND:US1MEYK0028,METERS,-70.43473,ME
1897,143.9,2011-05-01,2024-08-28,43.765166,"PARSONSFIELD 3.9 NE, ME US",0.9993,GHCND:US1MEYK0046,METERS,-70.868641,ME
1902,138.4,2014-06-01,2025-12-20,43.630646,"NORTH WATERBORO 1.2 NE, ME US",0.9994,GHCND:US1MEYK0057,METERS,-70.714211,ME
1903,60.4,2019-04-29,2025-12-18,43.22303,"YORK 4.7 NNW, ME US",0.6767,GHCND:US1MEYK0063,METERS,-70.69262,ME
1904,91.7,2016-08-22,2025-12-20,43.298012,"NORTH BERWICK 5.3 W, ME US",0.8961,GHCND:US1MEYK0065,METERS,-70.839569,ME
1906,95.4,2016-12-30,2025-12-20,43.783085,"CORNISH 5.6 ESE, ME US",1.0,GHCND:US1MEYK0067,METERS,-70.695395,ME
1907,68.9,2017-01-01,2024-10-21,43.27435,"BERWICK 0.5 N, ME US",0.9355,GHCND:US1MEYK0068,METERS,-70.86503,ME
1910,78.9,2020-12-11,2025-05-29,43.637353,"BUXTON 2.8 W, ME US",1.0,GHCND:US1MEYK0075,METERS,-70.576196,ME
1913,14.3,2022-05-11,2025-12-19,43.36654,"KENNEBUNKPORT 1.1 NE, ME US",0.9995,GHCND:US1MEYK0079,METERS,-70.4475,ME
1914,39.6,2022-08-18,2025-12-20,43.237018,"SOUTH BERWICK 1.3 E, ME US",0.9453,GHCND:US1MEYK0080,METERS,-70.784588,ME
1915,207.3,2009-06-01,2025-12-20,43.48,"TILTON NORTHFIELD 3.3 NE, NH US",0.9999,GHCND:US1NHBK0001,METERS,-71.55,NH
1916,214.0,2009-06-01,2025-12-20,43.43556213,"BELMONT 1.7 SW, NH US",0.9999,GHCND:US1NHBK0002,METERS,-71.50687408,NH
1920,206.3,2009-08-01,2025-12-20,43.622449,"MEREDITH 2.9 SSW, NH US",1.0,GHCND:US1NHBK0009,METERS,-71.535087,NH
1921,151.2,1998-06-01,2025-12-20,43.52867,"LACONIA 2.8 S, NH US",0.9949,GHCND:US1NHBK0010,METERS,-71.4791,NH
1923,234.4,2009-08-01,2025-11-27,43.67578467,"CENTER HARBOR 3.7 SW, NH US",0.9875,GHCND:US1NHBK0012,METERS,-71.52670405,NH
1926,204.2,2010-12-01,2025-12-20,43.6639715,"NEW HAMPTON 4.1 N, NH US",0.875,GHCND:US1NHBK0018,METERS,-71.6427066,NH
1929,273.4,2016-06-16,2025-12-20,43.698448233198,"MEREDITH 3.3 NNE, NH US",0.7495,GHCND:US1NHBK0026,METERS,-71.469307637959,NH
1930,157.3,2016-09-16,2023-07-06,43.4973,"SANBORNTON 2.3 WNW, NH US",0.959,GHCND:US1NHBK0029,METERS,-71.628,NH
1933,155.1,2009-08-01,2024-03-19,42.87850351,"WEST SWANZEY 1.0 WNW, NH US",0.9995,GHCND:US1NHCH0001,METERS,-72.33825346,NH
1934,120.7,2009-07-01,2025-12-20,42.8988,"WEST CHESTERFIELD 0.3 WNW, NH US",0.9998,GHCND:US1NHCH0002,METERS,-72.5235,NH
1943,363.3,2012-01-01,2025-12-20,42.731,"RINDGE 3.2 ESE, NH US",1.0,GHCND:US1NHCH0020,METERS,-71.952,NH
1944,148.7,2015-04-01,2025-12-20,42.931338,"KEENE 2.0 SE, NH US",0.998,GHCND:US1NHCH0021,METERS,-72.26822,NH
1945,158.8,2017-05-31,2025-12-20,42.98401,"KEENE 2.5 NNW, NH US",0.9992,GHCND:US1NHCH0024,METERS,-72.31399,NH
1947,145.1,2018-11-13,2025-12-19,42.929292,"KEENE 1.9 SE, NH US",0.8315,GHCND:US1NHCH0026,METERS,-72.272764,NH
1948,156.4,2020-10-01,2025-12-20,42.9373,"KEENE 1.3 SW, NH US",0.9834,GHCND:US1NHCH0027,METERS,-72.3157,NH
1949,133.5,2018-10-06,2025-12-01,42.9466,"KEENE 6.8 W, NH US",0.4615,GHCND:US1NHCH0029,METERS,-72.4322,NH
1959,156.1,2009-07-01,2025-12-17,44.03556,"NORTH CONWAY 1.4 SSW, NH US",0.9509,GHCND:US1NHCR0011,METERS,-71.140076,NH
1960,209.7,2009-07-01,2025-11-08,44.112796,"INTERVALE 2.7 N, NH US",0.9998,GHCND:US1NHCR0012,METERS,-71.139602,NH
1969,201.2,2017-12-01,2025-12-20,43.92648333,"ALBANY 2.8 SW, NH US",0.7506,GHCND:US1NHCR0041,METERS,-71.21556667,NH
1971,171.0,2019-10-01,2025-12-19,44.029552,"NORTH CONWAY 1.8 SSE, NH US",0.9726,GHCND:US1NHCR0046,METERS,-71.116643,NH
1972,126.5,2021-01-08,2024-11-23,43.7914211,"EFFINGHAM 2.1 N, NH US",0.6483,GHCND:US1NHCR0048,METERS,-70.9917614,NH
1974,216.1,2022-07-18,2025-12-20,43.573233,"WOLFEBORO 1.5 SE, NH US",0.9996,GHCND:US1NHCR0050,METERS,-71.189422,NH
1981,372.5,2009-07-01,2024-03-31,44.4763958,"BERLIN 3.9 ESE, NH US",0.9998,GHCND:US1NHCS0006,METERS,-71.1772647,NH
1982,260.9,2009-07-27,2025-12-20,44.49611,"LANCASTER 0.5 N, NH US",0.671,GHCND:US1NHCS0007,METERS,-71.57639,NH
1985,526.7,2020-11-01,2025-12-20,44.33765,"CARROLL 4.6 NE, NH US",0.9049,GHCND:US1NHCS0019,METERS,-71.46461,NH
1988,153.0,2009-06-01,2025-12-20,43.5949,"BRISTOL 0.4 SSE, NH US",0.9999,GHCND:US1NHGR0001,METERS,-71.7414,NH
1994,186.8,2009-10-01,2025-12-18,43.760317,"PLYMOUTH 1.6 NNE, NH US",0.7436,GHCND:US1NHGR0011,METERS,-71.688856,NH
2041,246.0,2002-01-01,2023-10-31,44.65279,"ANDOVER 2, ME US",1.0,GHCND:USC00170217,METERS,-70.79293,ME
2043,71.3,2016-11-01,2025-10-31,44.31926,"AUGUSTA LANDFILL, ME US",1.0,GHCND:USC00170271,METERS,-69.70891,ME
2049,7.6,1992-01-01,2025-12-20,43.9316,"BATH, ME US",1.0,GHCND:USC00170409,METERS,-69.8564,ME
2055,240.8,2011-01-01,2025-12-20,44.32,"BETHEL 6 SSE, ME US",1.0,GHCND:USC00170583,METERS,-70.7568,ME
2057,114.3,1957-05-01,2025-12-16,45.06979,"BINGHAM WYMAN DAM, ME US",1.0,GHCND:USC00170600,METERS,-69.90549,ME
2059,325.8,1929-01-01,2025-12-20,45.6602,"BRASSUA DAM, ME US",1.0,GHCND:USC00170814,METERS,-69.8119,ME
2066,46.3,2001-01-01,2025-12-20,43.22411,"CAPE NEDDICK, ME US",1.0,GHCND:USC00171131,METERS,-70.63882,ME
2073,284.7,1988-03-01,2024-09-30,46.4925,"CHURCHILL DAM, ME US",0.365,GHCND:USC00171430,METERS,-69.2863,ME
2077,90.5,1947-05-01,2025-12-19,44.9197,"CORINNA, ME US",1.0,GHCND:USC00171628,METERS,-69.2416,ME
2086,141.1,2019-10-01,2025-12-19,44.67888,"DEDHAM, ME US",0.9991,GHCND:USC00171867,METERS,-68.63563,ME
2088,132.0,2021-01-01,2025-12-20,44.51871,"DIXFIELD, ME US",0.9995,GHCND:USC00171901,METERS,-70.4078,ME
2089,112.8,1973-10-01,2025-12-20,45.1872,"DOVER FOXCROFT WWTP, ME US",1.0,GHCND:USC00171975,METERS,-69.1841,ME
2090,42.7,1993-01-01,2025-12-20,43.9996,"DURHAM, ME US",1.0,GHCND:USC00172048,METERS,-70.0963,ME
2097,193.5,2009-11-01,2025-12-20,45.1369,"EAST SANGERVILLE, ME US",0.9873,GHCND:USC00172440,METERS,-69.2806,ME
2099,32.0,2011-01-01,2025-12-19,44.4934,"EAST SURRY, ME US",1.0,GHCND:USC00172443,METERS,-68.4582,ME
2101,6.1,1992-09-01,2025-10-31,43.10222,"ELIOT, ME US",1.0,GHCND:USC00172602,METERS,-70.77309,ME
2112,185.9,1893-01-01,2025-12-20,47.2386,"FORT KENT, ME US",1.0,GHCND:USC00172878,METERS,-68.61195,ME
2115,40.5,1886-09-01,2025-03-31,44.2202,"GARDINER, ME US",1.0,GHCND:USC00173046,METERS,-69.789,ME
2119,89.9,1948-07-01,2025-12-07,45.17823,"GRAND LAKE STREAM, ME US",1.0,GHCND:USC00173261,METERS,-67.77489,ME
2120,115.2,1995-10-01,2025-12-19,43.8925,"GRAY, ME US",1.0,GHCND:USC00173295,METERS,-70.2544,ME
2123,97.5,1978-01-01,2025-03-31,44.9466,"HARMONY, ME US",1.0,GHCND:USC00173567,METERS,-69.5456,ME
2124,214.9,1998-01-01,2025-12-20,44.3744,"HARTFORD, ME US",1.0,GHCND:USC00173570,METERS,-70.3163,ME
2130,92.7,1994-01-01,2025-12-20,43.64759,"HOLLIS, ME US",1.0,GHCND:USC00173862,METERS,-70.67498,ME
2134,370.0,1894-01-01,2025-12-19,45.626,"JACKMAN, ME US",1.0,GHCND:USC00174086,METERS,-70.246,ME
2137,6.1,1989-01-01,2025-12-15,43.3605,"KENNEBUNKPORT, ME US",1.0,GHCND:USC00174193,METERS,-70.4697,ME
2150,64.9,2019-10-15,2025-12-19,45.32411,"LINCOLN WATER DISTRICT, ME US",0.9584,GHCND:USC00174681,METERS,-68.58307,ME
2153,115.8,2002-01-01,2023-01-02,44.4716,"LIVERMORE FALLS 1 E, ME US",1.0,GHCND:USC00174745,METERS,-70.1594,ME
2158,67.1,1893-12-01,2025-12-20,44.7976,"MADISON, ME US",1.0,GHCND:USC00174927,METERS,-69.889,ME
2164,109.7,2010-03-01,2025-12-19,45.6404,"MILLINOCKET WASTEWATER, ME US",0.9995,GHCND:USC00175305,METERS,-68.6747,ME
2168,316.1,1930-09-01,2025-12-20,45.5853,"MOOSEHEAD, ME US",1.0,GHCND:USC00175460,METERS,-69.7187,ME
2171,64.9,1965-01-01,2025-10-31,44.0436,"NEWCASTLE, ME US",1.0,GHCND:USC00175675,METERS,-69.53753,ME
2173,146.3,1993-01-01,2025-12-20,44.6352,"NEW SHARON, ME US",1.0,GHCND:USC00175736,METERS,-70.0002,ME
2184,171.9,2020-01-01,2025-12-20,44.0979,"OTISFIELD, ME US",0.9991,GHCND:USC00176484,METERS,-70.5976,ME
2194,349.0,2017-01-01,2025-12-20,44.81877,"PHILLIPS 3, ME US",0.9994,GHCND:USC00176706,METERS,-70.38664,ME
2197,328.0,2017-01-01,2025-12-20,45.89088,"PITTSTON FARMS NEPP, ME US",0.9963,GHCND:USC00176722,METERS,-69.96446,ME
2198,173.7,1997-01-01,2025-12-20,44.00706,"POLAND, ME US",1.0,GHCND:USC00176856,METERS,-70.36149,ME
2205,466.3,1969-01-01,2025-12-20,44.96751,"RANGELEY, ME US",1.0,GHCND:USC00177037,METERS,-70.6422,ME
2206,542.5,1997-08-01,2025-12-20,44.98923,"RANGELEY 2 NW, ME US",1.0,GHCND:USC00177039,METERS,-70.67223,ME
2209,35.1,1994-01-01,2025-12-19,45.08533,"ROBBINSTON, ME US",1.0,GHCND:USC00177238,METERS,-67.1205,ME
2216,192.0,2009-11-01,2024-09-30,44.49404,"RUMFORD 6 SW, ME US",1.0,GHCND:USC00177336,METERS,-70.65627,ME
2219,88.1,1953-01-01,2025-12-02,43.45739,"SANFORD 2 NNW, ME US",1.0,GHCND:USC00177479,METERS,-70.78022,ME
2238,172.2,2002-01-01,2025-12-20,44.2822,"TURNER, ME US",1.0,GHCND:USC00178817,METERS,-70.2561,ME
2243,139.0,1963-01-01,2025-12-20,47.1664,"VAN BUREN 2, ME US",1.0,GHCND:USC00178965,METERS,-67.9396,ME
2249,18.9,1958-01-01,2025-12-18,44.52735,"WATERVILLE TREATMENT PLANT, ME US",1.0,GHCND:USC00179151,METERS,-69.65378,ME
2258,110.0,1976-01-01,2025-12-20,44.19236,"WEST ROCKPORT 1 NNW, ME US",1.0,GHCND:USC00179593,METERS,-69.14678,ME
2261,135.0,2010-01-01,2025-12-20,43.8567,"WINDHAM 2 NW, ME US",0.9996,GHCND:USC00179720,METERS,-70.4663,ME
2262,63.4,2016-11-01,2025-12-20,44.30656,"WINTHROP, ME US",0.991,GHCND:USC00179721,METERS,-69.97016,ME
2264,37.5,1917-07-01,2025-12-17,45.1542,"WOODLAND, ME US",1.0,GHCND:USC00179891,METERS,-67.3985,ME
2555,280.4,1886-01-01,2025-12-20,44.4535,"BERLIN, NH US",1.0,GHCND:USC00270690,METERS,-71.18552,NH
2562,248.4,1998-01-01,2025-12-02,43.25886,"BRADFORD 2, NH US",1.0,GHCND:USC00270913,METERS,-72.0021,NH
2577,341.4,1960-01-01,2025-12-19,44.86102,"COLEBROOK 3 SW, NH US",1.0,GHCND:USC00271647,METERS,-71.53921,NH
2583,577.0,2021-12-01,2025-12-20,44.21967,"CRAWFORD NOTCH, NH US",0.9993,GHCND:USC00271800,METERS,-71.4127,NH
2589,23.2,1893-01-01,2024-12-31,43.14192,"DURHAM, NH US",1.0,GHCND:USC00272174,METERS,-70.95004,NH
2593,73.2,2008-01-01,2025-12-20,42.8266,"EAST MILFORD, NH US",1.0,GHCND:USC00272302,METERS,-71.626,NH
2594,210.9,2016-01-01,2025-12-20,43.8099,"EAST SANDWICH, NH US",1.0,GHCND:USC00272303,METERS,-71.3425,NH
2596,46.9,1963-12-01,2025-12-20,43.03043,"EPPING, NH US",1.0,GHCND:USC00272800,METERS,-71.08337,NH
2598,378.0,2016-08-01,2025-12-14,44.7925,"ERROL AIRPORT, NH US",0.8511,GHCND:USC00272846,METERS,-71.1634,NH
2600,502.9,1918-01-01,2025-12-20,45.0899,"FIRST CONNECTICUT LAKE, NH US",1.0,GHCND:USC00272999,METERS,-71.2906,NH
2607,137.2,1948-06-01,2025-12-19,43.4703,"FRANKLIN FALLS DAM, NH US",1.0,GHCND:USC00273182,METERS,-71.6537,NH
2616,243.8,2013-09-01,2025-12-20,44.3933,"GORHAM AIRPORT, NH US",1.0,GHCND:USC00273488,METERS,-71.1947,NH
2618,1332.9,2020-12-14,2025-12-20,44.3326,"GRAY KNOB, NH US",0.9995,GHCND:USC00273535,METERS,-71.30931,NH
2619,29.0,1973-01-01,2025-10-31,43.021,"GREENLAND, NH US",1.0,GHCND:USC00273626,METERS,-70.8257,NH
2621,274.3,1992-05-01,2025-07-09,42.78273,"GREENVILLE 1 NNE, NH US",1.0,GHCND:USC00273658,METERS,-71.79853,NH
2626,227.1,2014-01-01,2025-03-31,42.9694,"HANCOCK, NH US",1.0,GHCND:USC00273825,METERS,-71.9529,NH
2627,178.0,1884-11-01,2025-12-16,43.7052,"HANOVER, NH US",1.0,GHCND:USC00273850,METERS,-72.2855,NH
2629,1061.9,2016-12-18,2025-03-19,44.2663,"HARVARD CABIN SNOWPLOT, NH US",0.2512,GHCND:USC00273856,METERS,-71.27793,NH
2630,1142.7,2016-12-11,2025-12-19,44.2613,"HERMIT LAKE SNOWPLOT, NH US",0.7773,GHCND:USC00273860,METERS,-71.2833,NH
2634,249.9,2022-10-01,2025-12-16,43.77389,"HOLDERNESS 4.6 NW, NH US",0.9991,GHCND:USC00274176,METERS,-71.65551,NH
2635,131.1,2011-01-01,2025-12-19,43.189,"HOPKINTON LAKE, NH US",1.0,GHCND:USC00274218,METERS,-71.746,NH
2636,56.4,1948-06-01,2025-12-20,42.783,"HUDSON 1 SSE, NH US",1.0,GHCND:USC00274234,METERS,-71.4148,NH
2637,313.9,2011-01-01,2025-12-20,42.8088,"JAFFREY SILVER RANCH AIRPARK, NH US",0.9999,GHCND:USC00274304,METERS,-72.0053,NH
2641,376.4,1963-01-01,2025-12-19,44.4169,"JEFFERSON, NH US",1.0,GHCND:USC00274329,METERS,-71.5008,NH
2644,155.8,1893-01-01,2025-12-20,42.939,"KEENE, NH US",1.0,GHCND:USC00274399,METERS,-72.3247,NH
2646,152.4,1926-09-01,2025-12-20,43.54914,"LAKEPORT 2, NH US",1.0,GHCND:USC00274480,METERS,-71.46456,NH
2650,246.0,2016-08-01,2025-12-20,44.0425,"LINCOLN NEPP, NH US",0.9927,GHCND:USC00274734,METERS,-71.6727,NH
2653,295.7,1950-01-01,2025-12-19,42.8941,"EDWARD MACDOWELL LAKE, NH US",1.0,GHCND:USC00275013,METERS,-71.9842,NH
2657,77.1,1942-01-01,2025-12-20,42.9891,"MASSABESIC LAKE, NH US",1.0,GHCND:USC00275211,METERS,-71.3932,NH
2667,54.9,2014-01-01,2025-12-19,42.7346,"NASHUA CWSU, NH US",1.0,GHCND:USC00275703,METERS,-71.4802,NH
2668,41.1,1885-08-01,2025-11-30,42.7913,"NASHUA 2 NNW, NH US",1.0,GHCND:USC00275712,METERS,-71.4735,NH
2676,234.7,1928-11-01,2025-12-16,43.3772,"NEWPORT, NH US",1.0,GHCND:USC00275868,METERS,-72.1812,NH
2679,159.1,1974-03-01,2025-12-20,44.0562,"NORTH CONWAY, NH US",1.0,GHCND:USC00275995,METERS,-71.1297,NH
2682,18.3,2003-09-01,2025-06-30,42.9588,"NORTH HAMPTON, NH US",1.0,GHCND:USC00276070,METERS,-70.8227,NH
2685,338.9,2019-01-01,2025-12-20,44.52835,"NORTHUMBERLAND, NH US",0.9997,GHCND:USC00276365,METERS,-71.50446,NH
2686,161.5,1956-01-01,2025-12-19,43.21405,"NORTHWOOD, NH US",0.8469,GHCND:USC00276368,METERS,-71.24695,NH
2690,207.3,1958-01-01,2025-12-19,42.9453,"OTTER BROOK LAKE, NH US",1.0,GHCND:USC00276550,METERS,-72.237,NH
2693,617.2,1930-01-01,2025-12-20,44.258,"PINKHAM NOTCH, NH US",1.0,GHCND:USC00276818,METERS,-71.2525,NH
2705,167.6,1996-01-01,2025-12-20,43.3544,"SALISBURY, NH US",1.0,GHCND:USC00277833,METERS,-71.7363,NH
2714,170.7,1948-06-01,2025-12-19,42.99666,"SURRY MOUNTAIN LAKE, NH US",1.0,GHCND:USC00278539,METERS,-72.31275,NH
2718,164.9,2000-01-01,2025-12-20,43.86434,"TAMWORTH 4, NH US",1.0,GHCND:USC00278614,METERS,-71.26628,NH
2725,184.1,2016-11-01,2025-12-20,43.03361,"WALPOLE 2 S NEPP, NH US",0.9305,GHCND:USC00278856,METERS,-72.43278,NH
2730,435.6,2016-08-01,2025-12-20,43.9459,"WATERVILLE VALLEY NEPP, NH US",0.9895,GHCND:USC00278961,METERS,-71.511,NH
2736,199.0,1944-01-01,2025-12-19,43.86687,"WENTWORTH, NH US",1.0,GHCND:USC00279091,METERS,-71.91652,NH
2739,87.8,2006-01-01,2025-12-20,42.91083,"WEST HAMPSTEAD, NH US",1.0,GHCND:USC00279278,METERS,-71.20205,NH
2991,514.2,2011-11-01,2025-12-19,44.9988,"AVERILL, VT US",1.0,GHCND:USC00430193,METERS,-71.7098,VT
